timestamp,Active (mebibytes),Inactive (mebibytes),Active(anon) (mebibytes),Inactive(anon) (mebibytes),Active(file) (mebibytes),Inactive(file) (mebibytes),Unevictable (mebibytes),Mlocked (mebibytes),anomaly%,annotations
1781900067000,1094.3089974,1790.4337956,778.4066032,71.2070312,315.9023438,1719.2267643,26.9101562,26.9101562,-,-
1781900118000,1088.4764063,1795.9582031,772.5740625,71.2009961,315.9023438,1724.7572266,26.9101562,26.9101562,-,-
1781900169000,1083.9010091,1785.6786914,767.9986654,71.1852441,315.9023438,1714.4935026,26.9101562,26.9101562,-,-
1781900220000,1072.9644531,1725.1503906,757.0621094,71.1757812,315.9023438,1653.9746094,26.9101562,26.9101562,-,-
1781900271000,1081.3833822,1718.7685286,765.4810384,71.1711328,315.9023438,1647.5973958,26.9101562,26.9101562,-,-
1781900322000,1089.5898503,1725.120013,773.6875065,71.167487,315.9023438,1653.9526172,26.9101562,26.9101562,-,-
1781900373000,1103.0192969,1732.1608464,787.1169531,71.1650586,315.9023438,1660.9958464,26.9101562,26.9101562,-,-
1781900424000,1112.1239844,1767.9167708,796.2107292,71.1640625,315.9132813,1696.7527083,26.9101562,26.9101562,-,-
1781900475000,1114.380599,1816.8644206,798.4284993,71.1549805,315.9521484,1745.7094401,26.9101562,26.9101562,-,-
1781900526000,1119.6319661,1817.0040495,803.6124349,71.1216797,316.0195312,1745.8823698,26.9101562,26.9101562,-,-
1781900577000,1124.8398763,1817.6372331,808.8203451,71.0702148,316.0195312,1746.5670182,26.9101562,26.9101562,-,-
1781900628000,1123.553099,1825.9776042,807.5335677,70.9821875,316.0195312,1754.9954167,26.9101562,26.9101562,-,-
1781900679000,1116.8713997,1829.670599,800.8390462,70.9588216,316.0323958,1758.7117773,26.9101562,26.9101562,-,-
1781900730000,1112.149349,1830.6078125,796.0594401,70.9563802,316.089974,1759.6514323,26.9101562,26.9101562,-,-
1781900781000,1102.1531445,1830.9573177,786.0125618,70.9543945,316.140625,1760.0029232,26.9101562,26.9101562,-,-
1781900832000,1085.3957943,1831.5894271,769.2551693,70.953125,316.140625,1760.6363021,26.9101562,26.9101562,-,-
1781900883000,1086.168916,1832.5524479,770.0282878,70.9529232,316.140625,1761.5995247,26.9101562,26.9101562,-,-
1781900934000,1145.4891211,1841.6917187,829.3484375,70.9494922,316.140625,1770.7422266,26.9101562,26.9101562,-,-
1781900985000,1166.7279297,1847.7652669,849.8544759,70.9462565,316.8734375,1776.8190104,26.9101562,26.9101562,-,-
1781901036000,1172.5340625,1849.9502083,855.3733073,70.9453125,317.1607552,1779.0048958,26.9101562,26.9101562,-,-
1781901087000,1149.0208984,1850.5521484,831.7675781,70.9453125,317.253291,1779.6068359,26.9101562,26.9101562,-,-
1781901138000,1112.8632552,1851.140651,795.5176367,70.9453125,317.3455924,1780.1953385,26.9101562,26.9101562,-,-
1781901189000,1098.055957,1853.3221484,780.6771061,70.9453125,317.3789062,1782.3768359,26.9101562,26.9101562,-,-
1781901240000,1100.9053385,1862.040625,783.5264323,70.9453125,317.3789062,1791.0953125,26.9101562,26.9101562,-,-
1781901291000,1099.2700846,1867.7708203,781.8776204,70.9453125,317.3924642,1796.8255078,26.9101562,26.9101562,-,-
1781901342000,1098.1061458,1869.2107813,780.7033138,70.9438997,317.402832,1798.2669271,26.9101562,26.9101562,-,-
1781901393000,1099.2189258,1869.8908203,781.7525195,70.9422559,317.4664062,1798.9485938,26.9101562,26.9101562,-,-
1781901444000,1101.0642969,1870.5644792,783.5283333,70.9414062,317.5359375,1799.6230729,26.9101562,26.9101562,-,-
1781901495000,1102.1541341,1873.6578125,784.5835124,70.9411947,317.5705729,1802.7166341,26.9101562,26.9101562,-,-
1781901546000,1102.5007031,1882.4052865,784.9161719,70.9402539,317.5845312,1811.4650911,26.9101562,26.9101562,-,-
1781901597000,1101.6754948,1888.1146745,784.0785677,70.937653,317.5969271,1817.1770247,26.9101562,26.9101562,-,-
1781901648000,1136.8728906,1890.4151042,819.2752865,70.9375,317.5976562,1819.4776042,26.9101562,26.9101562,-,-
1781901699000,1145.2107552,1890.5228516,827.6043197,70.9375,317.6064583,1819.5853516,26.9101562,26.9101562,-,-
1781901750000,1165.678776,1890.6976562,848.0235352,70.9347982,317.6552083,1819.7628255,26.9101562,26.9101562,-,-
1781901801000,1184.5649609,1894.7079687,866.8657227,70.9312533,317.6992188,1823.7766732,26.9101562,26.9101562,-,-
1781901852000,1180.9163542,1902.8394271,863.2172005,70.9296875,317.6992188,1831.9097396,26.9101562,26.9101562,-,-
1781901903000,1178.1064323,1908.4342839,860.4072786,70.9296549,317.6992188,1837.5046354,26.9101562,26.9101562,-,-
1781901954000,1146.4735937,1908.9064323,828.7744401,70.9291016,317.6992188,1837.9774479,26.9101562,26.9101562,-,-
1781902005000,1115.2226888,1909.231901,797.5234863,70.9265951,317.6992188,1838.3053385,26.9101562,26.9101562,-,-
1781902056000,1106.4959896,1909.5560937,788.7784505,70.9257812,317.7175,1838.6303125,26.9101562,26.9101562,-,-
1781902107000,1109.6948177,1914.4795443,791.9629557,70.9247266,317.7317969,1843.5548177,26.9101562,26.9101562,-,-
1781902158000,1114.2734115,1922.2889063,796.5389714,70.9229688,317.734375,1851.3659375,26.9101562,26.9101562,-,-
1781902209000,1122.9422526,1927.0294206,805.2078223,70.9213379,317.734375,1856.1080729,26.9101562,26.9101562,-,-
1781902260000,1158.3755208,1927.6772135,840.6411458,70.9182943,317.734375,1856.7588542,26.9101562,26.9101562,-,-
1781902311000,1155.7518099,1928.1410612,838.0141146,70.9050684,317.7376953,1857.2360938,26.9101562,26.9101562,-,-
1781902362000,1213.9901823,1968.5773698,894.746263,70.8863281,319.2439648,1897.6910807,26.9101562,26.9101562,-,-
1781902413000,1178.5458659,1992.0451693,880.2885384,80.2892741,298.2573568,1911.755931,26.9101562,26.9101562,-,-
1781902464000,1119.0682031,2001.5270833,843.1237109,89.8851953,275.9444922,1911.6419271,26.9101562,26.9101562,-,-
1781902515000,1106.0666992,2008.3498047,836.8860189,92.7304688,269.1806641,1915.6193359,26.9101562,26.9101562,-,-
1781902566000,1107.4419531,2008.9509245,837.7895508,92.7304688,269.6523438,1916.2204557,26.9101562,26.9101562,-,-
1781902617000,1072.2180859,2009.5763607,802.5657389,92.7304688,269.6523438,1916.8458919,26.9101562,26.9101562,-,-
1781902668000,1059.2233854,2010.0592969,789.5710417,92.7304688,269.6523438,1917.3288281,26.9101562,26.9101562,-,-
1781902719000,1068.0350326,2017.0654036,798.3826888,92.7304688,269.6523438,1924.3349349,26.9101562,26.9101562,-,-
1781902770000,1081.2501953,2002.206901,804.1128255,90.283724,277.1373698,1911.9231771,26.9101562,26.9101562,-,-
1781902821000,1110.5564714,1970.7777214,821.2774349,86.6078776,289.2790592,1884.1698437,26.9101562,26.9101562,-,-
1781902872000,1150.4671875,1945.8484375,855.3552344,85.164375,295.1120052,1860.6840625,26.9101562,26.9101562,-,-
1781902923000,1141.5317415,1941.9226953,858.2240267,88.6067969,283.3077148,1853.3158984,26.9101562,26.9101562,-,-
1781902974000,1092.6562435,1946.5673698,818.5917253,90.0681771,274.0645182,1856.4991927,26.9101562,26.9101562,-,-
1781903025000,1079.195931,1954.0535482,806.1700195,89.2748698,273.0259115,1864.7786784,26.9101562,26.9101562,-,-
1781903076000,1078.1958464,1960.4929688,805.1297526,88.953125,273.0660937,1871.5398438,26.9101562,26.9101562,-,-
1781903127000,1079.2254915,1963.5199609,806.1434603,88.953125,273.0820312,1874.5668359,26.9101562,26.9101562,-,-
1781903178000,1075.5228906,1964.0980599,802.4408594,88.953125,273.0820312,1875.1449349,26.9101562,26.9101562,-,-
1781903229000,1068.8074512,1964.730944,795.7151855,88.953125,273.0922656,1875.777819,26.9101562,26.9101562,-,-
1781903280000,1079.4348307,1965.1372396,806.2845703,88.953125,273.1502604,1876.1841146,26.9101562,26.9101562,-,-
1781903331000,1063.099668,1974.2532682,789.9044727,88.953125,273.1951953,1885.3001432,26.9101562,26.9101562,-,-
1781903382000,1078.3723763,1980.6318229,805.1692513,88.953125,273.203125,1891.6786979,26.9101562,26.9101562,-,-
1781903433000,1085.1810872,1983.3404818,811.6707357,88.953125,273.5103516,1894.3873568,26.9101562,26.9101562,-,-
1781903484000,1078.6239323,1984.1165104,804.8524479,88.953125,273.7714844,1895.1633854,26.9101562,26.9101562,-,-
1781903535000,1071.8338216,1984.6512695,798.0391439,88.953125,273.7946777,1895.6981445,26.9101562,26.9101562,-,-
1781903586000,1077.2679622,1986.2564974,803.4476497,88.953125,273.8203125,1897.3033724,26.9101562,26.9101562,-,-
1781903637000,1076.2192415,1995.1537174,802.398929,88.953125,273.8203125,1906.2005924,26.9101562,26.9101562,-,-
1781903688000,1079.67125,2000.76125,805.8509375,88.953125,273.8203125,1911.808125,26.9101562,26.9101562,-,-
1781903739000,1076.9701465,2002.3740495,803.1488184,88.953125,273.8213281,1913.4209245,26.9101562,26.9101562,-,-
1781903790000,1074.8038737,2002.9772135,800.9593424,88.9408203,273.8445312,1914.0363932,26.9101562,26.9101562,-,-
1781903841000,1076.4138184,2003.5555859,802.5466309,88.908418,273.8671875,1914.647168,26.9101562,26.9101562,-,-
1781903892000,1078.8994792,2005.9730729,805.0320443,88.8710938,273.8674349,1917.1019792,26.9101562,26.9101562,-,-
1781903943000,1075.4284408,2014.7805078,801.5598828,88.8571289,273.8685579,1925.9233854,26.9101562,26.9101562,-,-
1781903994000,1080.8702669,2020.2264844,806.9994401,88.6197266,273.8708268,1931.606875,26.9101562,26.9101562,-,-
1781904045000,1136.8030111,2026.1950195,822.2911947,89.935791,314.5117676,1936.2593099,26.9101562,26.9101562,-,-
1781904096000,1344.8730729,1585.319401,1038.4884115,177.0074219,306.3846354,1408.3120052,26.9101562,26.9101562,-,-
1781904147000,1474.1182227,1210.0159961,1190.1407292,242.0318327,283.9774935,967.9841927,26.9101562,26.9101562,-,-
1781904198000,1468.2748828,1110.8004948,1194.0090495,250.9195378,274.2658333,859.8809831,26.9101562,26.9101562,-,-
1781904249000,1448.980944,1098.5317546,1174.6726302,250.9089063,274.308304,847.622793,26.9101562,26.9101562,-,-
1781904300000,1462.4670573,1044.7485026,1188.1101563,250.90625,274.3568359,793.8422526,26.9101562,26.9101562,-,-
1781904351000,1069.0358138,1042.9804915,793.7063379,250.90625,275.3294661,792.0742415,26.9101562,26.9101562,-,-
1781904402000,961.2068034,1050.8708398,680.1420182,250.90625,281.0647852,799.9645898,26.9101562,26.9101562,-,-
1781904453000,940.205013,1054.8044694,656.7347038,250.902526,283.4703092,803.9019434,26.9101562,26.9101562,-,-
1781904504000,931.820013,1055.5484375,648.318099,250.8990625,283.5019141,804.649375,26.9101562,26.9101562,-,-
1781904555000,928.097054,1056.3441081,644.5163249,250.8984375,283.5807292,805.4456706,26.9101562,26.9101562,-,-
1781904606000,936.5097591,1057.8308659,652.7255664,250.8984375,283.7841927,806.9324284,26.9101562,26.9101562,-,-
1781904657000,924.4542025,1065.5434538,640.4015072,250.8984375,284.0526953,814.6450163,26.9101562,26.9101562,-,-
1781904708000,930.7096875,1073.1986979,646.6147396,250.8984375,284.0949479,822.3002604,26.9101562,26.9101562,-,-
1781904759000,938.4738411,1075.3681413,654.3608105,250.8984375,284.1130306,824.4697038,26.9101562,26.9101562,-,-
1781904810000,936.6937826,1075.9396484,652.5736328,250.8984375,284.1201497,825.0412109,26.9101562,26.9101562,-,-
1781904861000,932.9537695,1076.655166,648.7963086,250.8984375,284.1574609,825.7567285,26.9101562,26.9101562,-,-
1781904912000,935.2877734,1080.4375781,651.0586328,250.898151,284.2291406,829.5394271,26.9101562,26.9101562,-,-
1781904963000,935.107194,1093.8442643,650.8606901,250.8966862,284.2465039,842.9475814,26.9101562,26.9101562,-,-
1781905014000,935.3744792,1107.8359505,651.114362,250.891263,284.2601172,856.9447461,26.9101562,26.9101562,-,-
1781905065000,935.1077311,1109.8533203,650.8092936,250.890625,284.2984375,858.9627116,26.9101562,26.9101562,-,-
1781905116000,940.0463021,1110.4677083,655.7275,250.890625,284.3188021,859.5770833,26.9101562,26.9101562,-,-
1781905167000,944.5099674,1111.0793229,660.1857487,250.890625,284.3242188,860.1886979,26.9101562,26.9101562,-,-
1781905218000,946.0631445,1114.0864583,661.7213281,250.890625,284.3418164,863.1958529,26.9101562,26.9101562,-,-
1781905269000,949.3210482,1154.278151,664.8969889,250.888125,284.4240592,903.3900814,26.9101562,26.9101562,-,-
1781905320000,965.1037109,1346.8682292,680.4462891,250.8739583,284.6574219,1095.9942708,26.9101562,26.9101562,-,-
1781905371000,1067.7999805,1443.957819,783.0499219,250.8482812,284.7500586,1193.1095378,26.9101562,26.9101562,-,-
1781905422000,1103.4919857,1466.0225391,818.6171159,250.84375,284.8748242,1215.1787891,26.9101562,26.9101562,-,-
1781905473000,1070.0875781,1470.3534115,785.14875,250.5820703,284.9387988,1219.7713411,26.9101562,26.9101562,-,-
1781905524000,1030.385599,1475.9851563,745.4308073,250.2864062,284.9547917,1225.69875,26.9101562,26.9101562,-,-
1781905575000,1020.2332682,1489.2092122,735.2457682,250.1615234,284.9875,1239.0476888,26.9101562,26.9101562,-,-
1781905626000,1017.1742904,1512.6867969,732.0868555,250.1533594,285.0874349,1262.5334375,26.9101562,26.9101562,-,-
1781905677000,1012.5059863,1521.0502214,727.3394173,250.1487109,285.166569,1270.9015104,26.9101562,26.9101562,-,-
1781905728000,993.9583594,1522.0044792,708.7803646,250.1484375,285.1779948,1271.8560417,26.9101562,26.9101562,-,-
1781905779000,980.2348372,1522.4795833,695.0551497,250.139974,285.1796875,1272.3396094,26.9101562,26.9101562,-,-
1781905830000,976.0292318,1526.9829427,690.8210938,250.1325195,285.208138,1276.8503906,26.9101562,26.9101562,-,-
1781905881000,979.9584603,1534.4670443,694.6827474,250.1293717,285.2757129,1284.3376302,26.9101562,26.9101562,-,-
1781905932000,987.2545182,1540.4502344,701.8734505,250.1289062,285.3810677,1290.3213281,26.9101562,26.9101562,-,-
1781905983000,993.3263672,1540.825319,707.8067708,250.126735,285.5195964,1290.6985872,26.9101562,26.9101562,-,-
1781906034000,1005.1710286,1541.218112,719.5197266,250.0898242,285.6513021,1291.1283464,26.9101562,26.9101562,-,-
1781906085000,1015.6525065,1541.7627604,729.9408854,250.0330892,285.7116211,1291.7296875,26.9101562,26.9101562,-,-
1781906136000,1022.0926562,1547.0010938,736.3639844,250.015625,285.7286719,1296.9854688,26.9101562,26.9101562,-,-
1781906187000,1027.5934115,1554.4616146,741.8174544,250.015625,285.775957,1304.4459896,26.9101562,26.9101562,-,-
1781906238000,1031.0176823,1559.665651,745.1813542,250.015625,285.8363281,1309.650026,26.9101562,26.9101562,-,-
1781906289000,1023.5826465,1560.2760482,737.7239681,250.0143945,285.8586784,1310.2616536,26.9101562,26.9101562,-,-
1781906340000,988.3222005,1560.8457031,702.3936849,250.0074219,285.9285156,1310.8382812,26.9101562,26.9101562,-,-
1781906391000,969.7063151,1561.3864714,683.7734831,250.0044336,285.932832,1311.3820378,26.9101562,26.9101562,-,-
1781906442000,975.1082682,1567.2668359,689.1764518,250.0024023,285.9318164,1317.2644792,26.9101562,26.9101562,-,-
1781906493000,1003.0430599,1575.8215885,717.061875,249.9997168,285.9811849,1325.8218294,26.9101562,26.9101562,-,-
1781906544000,1026.243112,1580.5250521,740.1716146,249.9046615,286.0714974,1330.6203125,26.9101562,26.9101562,-,-
1781906595000,1032.5304362,1580.1974609,746.3696452,249.6984375,286.160791,1330.4990234,26.9101562,26.9101562,-,-
1781906646000,1030.996901,1580.4931641,744.7759831,249.5,286.220918,1330.9931641,26.9101562,26.9101562,-,-
1781906697000,987.3195182,1581.1323242,700.978903,249.5,286.3406152,1331.6323242,26.9101562,26.9101562,-,-
1781906748000,991.5577604,1587.9364844,705.1957292,249.4979687,286.3620313,1338.4385677,26.9101562,26.9101562,-,-
1781906799000,997.7152246,1595.457474,711.3250553,249.4914941,286.3901693,1345.9660026,26.9101562,26.9101562,-,-
1781906850000,998.9236654,1598.9220052,712.4758789,249.4882812,286.4477865,1349.433724,26.9101562,26.9101562,-,-
1781906901000,1007.1911003,1599.199349,720.6989128,249.4690039,286.4921875,1349.7302995,26.9101562,26.9101562,-,-
1781906952000,1029.3620443,1599.1323438,742.8698568,249.4301563,286.4921875,1349.7020833,26.9101562,26.9101562,-,-
1781907003000,1048.8528646,1601.2333333,762.3563184,249.4179688,286.4965462,1351.8153646,26.9101562,26.9101562,-,-
1781907054000,1067.0027995,1635.4059896,780.4321549,249.4179688,286.5706445,1385.9880208,26.9101562,26.9101562,-,-
1781907105000,1082.9027344,1659.9169271,796.2776693,249.4172852,286.6250651,1410.4995443,26.9101562,26.9101562,-,-
1781907156000,1052.0657943,1667.1726823,765.4223698,249.4152604,286.6434245,1417.7573698,26.9101562,26.9101562,-,-
1781907207000,1002.1258984,1667.728431,715.4544629,249.4140625,286.6714355,1418.3143685,26.9101562,26.9101562,-,-
1781907258000,976.8852018,1668.2882812,690.1820768,249.4140625,286.703125,1418.8742187,26.9101562,26.9101562,-,-
1781907309000,997.2609701,1670.0900781,710.5449251,249.4140625,286.7160449,1420.6760156,26.9101562,26.9101562,-,-
1781907360000,1021.0670573,1677.2942708,734.2777995,249.4140625,286.7892578,1427.8802083,26.9101562,26.9101562,-,-
1781907411000,1040.4628288,1687.7085417,753.6571354,249.4140625,286.8056934,1438.2944792,26.9101562,26.9101562,-,-
1781907462000,1051.7791602,1691.36125,764.9033464,249.4140625,286.8758138,1441.9471875,26.9101562,26.9101562,-,-
1781907513000,1052.3477637,1692.4827409,765.4315039,249.4133105,286.9162598,1443.0694661,26.9101562,26.9101562,-,-
1781907564000,1049.5677214,1693.0046094,762.6200651,249.4102734,286.9476563,1443.594375,26.9101562,26.9101562,-,-
1781907615000,1048.6452311,1699.8606445,761.6647624,249.4045898,286.9804688,1450.4560547,26.9101562,26.9101562,-,-
1781907666000,1048.9314714,1721.6366146,761.9510026,249.3984375,286.9804688,1472.2381771,26.9101562,26.9101562,-,-
1781907717000,1056.6276237,1741.109362,769.6471549,249.3984375,286.9804688,1491.7109245,26.9101562,26.9101562,-,-
1781907768000,1059.8964323,1741.7938802,772.9176823,249.3984375,286.97875,1492.3954427,26.9101562,26.9101562,-,-
1781907819000,1044.6741862,1741.8389453,757.6970085,249.3984375,286.9771777,1492.4405078,26.9101562,26.9101562,-,-
1781907870000,1028.8958333,1742.0019531,741.9010091,249.3958984,286.9948242,1492.6059896,26.9101562,26.9101562,-,-
1781907921000,1015.6608822,1744.9073568,728.4768294,249.3910352,287.1840527,1495.516237,26.9101562,26.9101562,-,-
1781907972000,1018.7400651,1749.9965625,731.081888,247.5716146,287.6581771,1502.4249479,26.9101562,26.9101562,-,-
1781908023000,1078.5361816,1749.1113672,790.2502669,240.0843099,288.2859115,1509.0270573,26.9101562,26.9101562,-,-
1781908074000,1123.894694,1745.2228385,835.5870312,236.2272135,288.3076042,1508.995625,26.9101562,26.9101562,-,-
1781908125000,1140.339974,1756.3630208,851.9574382,235.5625,288.3825195,1520.8005208,26.9101562,26.9101562,-,-
1781908176000,1160.771875,1769.68,872.2676562,235.4640625,288.5042188,1534.2159375,26.9101562,26.9101562,-,-
1781908227000,1149.8340495,1779.8201432,861.2143001,235.4453125,288.6197786,1544.3748307,26.9101562,26.9101562,-,-
1781908278000,1116.4340885,1787.2191276,827.7519987,235.4453125,288.6821354,1551.7738151,26.9101562,26.9101562,-,-
1781908329000,1109.412487,1799.0751172,820.7148796,235.4453125,288.6976172,1563.6298047,26.9101562,26.9101562,-,-
1781908380000,1154.2528646,1830.4748698,865.4758464,235.4453125,288.7770833,1595.0295573,26.9101562,26.9101562,-,-
1781908431000,1244.8431641,1868.3060677,955.5578613,235.4453125,289.2853125,1632.8607552,26.9101562,26.9101562,-,-
1781908482000,1272.9788802,1803.1843099,958.9644271,215.1505534,314.0144531,1588.0338021,26.9101562,26.9101562,-,-
1781908533000,1230.6739844,1757.8928711,899.7017187,202.0422363,330.9722298,1555.8506641,26.9101562,26.9101562,-,-
1781908584000,1196.4093229,1749.6508073,860.1639583,198.4335938,336.2453255,1551.2172135,26.9101562,26.9101562,-,-
1781908635000,1202.1525391,1755.2967448,865.8205892,198.4335938,336.3319499,1556.863151,26.9101562,26.9101562,-,-
1781908686000,1197.5568099,1755.913151,861.1373763,198.4335938,336.4194336,1557.4795573,26.9101562,26.9101562,-,-
1781908737000,1188.317819,1756.3613932,851.8964486,198.4335938,336.4213704,1557.9277995,26.9101562,26.9101562,-,-
1781908788000,1169.353099,1756.7110937,832.9331771,198.4335938,336.4199219,1558.2775,26.9101562,26.9101562,-,-
1781908839000,1154.8277539,1762.3363932,818.3914225,198.431097,336.4362891,1563.9052539,26.9101562,26.9101562,-,-
1781908890000,1161.9720052,1775.5946615,825.4916341,198.4245117,336.4803711,1577.1701172,26.9101562,26.9101562,-,-
1781908941000,1199.3923958,1786.1005078,862.8011068,198.4151237,336.5913314,1587.6853841,26.9101562,26.9101562,-,-
1781908992000,1254.6066146,1786.6788542,917.8678516,198.4071875,336.738763,1588.2716667,26.9101562,26.9101562,-,-
1781909043000,1287.7792187,1786.7276823,951.1099219,198.40625,336.6693001,1588.3214323,26.9101562,26.9101562,-,-
1781909094000,1246.0282812,1777.6623437,910.9799609,198.40625,335.0483789,1579.2560937,26.9101562,26.9101562,-,-
1781909145000,1193.7632812,1771.9839193,860.8496094,198.40625,332.9136393,1573.5776693,26.9101562,26.9101562,-,-
1781909196000,1189.5572656,1775.8652865,857.2842318,198.40625,332.2730078,1577.4590365,26.9101562,26.9101562,-,-
1781909247000,1199.1697461,1779.8200977,866.8850488,198.40625,332.2846973,1581.4138477,26.9101562,26.9101562,-,-
1781909298000,1188.7473958,1780.4683854,856.4544076,198.40625,332.2929688,1582.0621354,26.9101562,26.9101562,-,-
1781909349000,1150.9237565,1781.0911328,818.6245801,198.40625,332.2991211,1582.6848828,26.9101562,26.9101562,-,-
1781909400000,1104.997526,1781.5809896,772.6635417,198.40625,332.3339844,1583.1747396,26.9101562,26.9101562,-,-
1781909451000,1128.8333854,1788.7320573,796.4585612,198.40625,332.3748242,1590.3258073,26.9101562,26.9101562,-,-
1781909502000,1144.9561198,1796.2917318,812.5297917,198.40625,332.4263281,1597.8854818,26.9101562,26.9101562,-,-
1781909553000,1163.7623763,1799.3245508,831.2974056,198.4041732,332.4650065,1600.9203776,26.9101562,26.9101562,-,-
1781909604000,1186.0558333,1799.8740625,853.5109245,198.4008594,332.5449219,1601.4732031,26.9101562,26.9101562,-,-
1781909655000,1198.0453125,1800.419401,865.4046224,198.3984375,332.640625,1602.0209635,26.9101562,26.9101562,-,-
1781909706000,1178.8453125,1801.6626172,846.2046224,198.3984375,332.640625,1603.2641797,26.9101562,26.9101562,-,-
1781909757000,1133.9148437,1808.8963607,801.2741536,198.3984375,332.640625,1610.4979232,26.9101562,26.9101562,-,-
1781909808000,1128.34625,1816.4763542,795.705612,198.3984375,332.640625,1618.0779167,26.9101562,26.9101562,-,-
1781909859000,1113.5558854,1818.7256445,780.9152604,198.3984375,332.640625,1620.327207,26.9101562,26.9101562,-,-
1781909910000,1108.4589844,1819.4104167,775.8183268,198.3980143,332.640625,1621.0123698,26.9101562,26.9101562,-,-
1781909961000,1116.6351953,1820.1149674,783.9823828,198.3883171,332.6527474,1621.7266081,26.9101562,26.9101562,-,-
1781910012000,1123.17,1819.5065104,790.5483724,198.3710938,332.6215625,1621.1354167,26.9101562,26.9101562,-,-
1781910063000,1106.7507943,1814.6590234,774.3641016,198.371071,332.3866276,1616.2879492,26.9101562,26.9101562,-,-
1781910114000,1103.4528385,1807.4501823,771.4085807,198.3706836,332.0441927,1609.0794401,26.9101562,26.9101562,-,-
1781910165000,1120.3158203,1806.8069661,788.3013997,198.3680501,332.0144531,1608.4388997,26.9101562,26.9101562,-,-
1781910216000,1129.4511458,1807.2661979,797.4228906,198.3671875,332.0282813,1608.8990104,26.9101562,26.9101562,-,-
1781910267000,1117.3676367,1807.8342057,785.3324805,198.3663086,332.0351562,1609.4679557,26.9101562,26.9101562,-,-
1781910318000,1101.7891536,1810.7875521,769.7540169,198.3646484,332.0351562,1612.4229948,26.9101562,26.9101562,-,-
1781910369000,1105.9197526,1818.1471224,773.8846517,198.3632812,332.0351562,1619.7838411,26.9101562,26.9101562,-,-
1781910420000,1103.5643229,1825.7690104,771.5291667,198.3632812,332.0351562,1627.4057292,26.9101562,26.9101562,-,-
1781910471000,1103.5247005,1826.3513932,771.4843978,198.3619531,332.0403027,1627.9894401,26.9101562,26.9101562,-,-
1781910522000,1113.0633203,1826.8470052,781.0050195,198.3600781,332.0583008,1628.4869271,26.9101562,26.9101562,-,-
1781910573000,1135.8002279,1827.3449349,803.7255794,198.359375,332.0746484,1628.9855599,26.9101562,26.9101562,-,-
1781910624000,1152.9182813,1830.9882812,820.8196615,198.3539844,332.0986458,1632.6342708,26.9101562,26.9101562,-,-
1781910675000,1151.1619141,1838.3010742,819.0380534,198.3404785,332.1239258,1639.9605469,26.9101562,26.9101562,-,-
1781910726000,1136.616862,1845.1165495,804.4919206,198.3242188,332.125,1646.7923307,26.9101562,26.9101562,-,-
1781910777000,1129.0039388,1845.6158138,796.8789421,198.3242188,332.125,1647.2915951,26.9101562,26.9101562,-,-
1781910828000,1130.5716406,1846.189974,798.320026,198.3242188,332.2516667,1647.8657552,26.9101562,26.9101562,-,-
1781910879000,1136.0150977,1860.2677409,803.7050423,198.3242188,332.3100781,1661.9435221,26.9101562,26.9101562,-,-
1781910930000,1161.8125651,1881.0646484,828.6045898,198.0710937,333.2079753,1682.9935547,26.9101562,26.9101562,-,-
1781910981000,1187.4442839,1894.0983919,852.8188346,197.6629297,334.625472,1696.4354622,26.9101562,26.9101562,-,-
1781911032000,1195.3570833,1893.7525,859.7399609,197.375,335.6171875,1696.3775,26.9101562,26.9101562,-,-
1781911083000,1208.0485807,1892.4378581,871.5183724,197.3477962,336.5302734,1695.0900651,26.9101562,26.9101562,-,-
1781911134000,1200.6932031,1861.2595703,848.6405339,196.885332,352.0527344,1664.3742969,26.9101562,26.9101562,-,-
1781911185000,1160.9231771,1823.9789388,790.3040039,196.3337077,370.6191406,1627.6452474,26.9101562,26.9101562,-,-
1781911236000,1156.8818229,1818.1852083,780.6826172,196.1656641,376.1992188,1622.0195833,26.9101562,26.9101562,-,-
1781911287000,1184.5049089,1826.3705859,808.3057552,196.1640983,376.1992188,1630.2065234,26.9101562,26.9101562,-,-
1781911338000,1221.2590755,1832.1832031,845.0545898,196.1640625,376.2045313,1636.0191406,26.9101562,26.9101562,-,-
1781911389000,1244.742194,1832.7849219,868.5024056,196.1640625,376.2397884,1636.6208594,26.9101562,26.9101562,-,-
1781911440000,1242.0690104,1833.328125,865.6996745,196.1640625,376.3693359,1637.1640625,26.9101562,26.9101562,-,-
1781911491000,1223.6523438,1833.6895964,847.1353646,195.9646777,376.5169238,1637.724974,26.9101562,26.9101562,-,-
1781911542000,1218.1008203,1840.1956641,826.2599154,195.7864844,391.8408854,1644.4092448,26.9101562,26.9101562,-,-
1781911593000,1263.7222982,1827.0228971,826.5681738,200.2988965,437.1540885,1626.7240299,26.9101562,26.9101562,-,-
1781911644000,1336.6258854,1756.5518229,821.4159505,217.3650521,515.2098698,1539.1867448,26.9101562,26.9101562,-,-
1781911695000,1383.9875651,1670.4412109,799.2420573,237.1451172,584.745459,1433.2960612,26.9101562,26.9101562,-,-
1781911746000,1364.8338151,1670.6198828,780.0276563,236.490944,584.8061589,1434.1289974,26.9101562,26.9101562,-,-
1781911797000,1324.2526237,1671.0943555,739.3708724,236.1832064,584.8817513,1434.9111523,26.9101562,26.9101562,-,-
1781911848000,1324.3547656,1678.1979948,739.426901,236.1548958,584.9278646,1442.043099,26.9101562,26.9101562,-,-
1781911899000,1327.3846224,1685.9051172,742.4014844,236.1523438,584.9830957,1449.7527734,26.9101562,26.9101562,-,-
1781911950000,1381.3308594,1676.6074219,763.04375,234.5996419,618.2871094,1442.0078125,26.9101562,26.9101562,-,-
1781912001000,1316.8594271,1836.577474,786.1130469,243.3688867,530.7463997,1593.2086523,26.9101562,26.9101562,-,-
1781912052000,1167.6323214,2099.1000595,796.2229539,230.6014435,371.4093155,1868.4986682,26.9101562,26.9101562,-,-
1781912103000,1441.7120424,1857.370784,811.2937119,103.133165,630.4183273,1754.237619,26.9101562,26.9101562,-,-
1781912154000,1457.763192,1676.3325949,847.1846931,107.8729743,610.5784403,1568.4596205,26.9101562,26.9101562,-,-
1781912205000,1485.6048828,1584.7397461,888.8787435,106.6094076,596.726123,1478.1303385,26.9101562,26.9101562,-,-
1781912256000,1513.7923958,1571.3586458,920.0478646,105.7876562,593.7445313,1465.5709896,26.9101562,26.9101562,-,-
1781912307000,1532.2302604,1527.960026,931.4685124,105.643125,600.7617188,1422.316901,26.9101562,26.9101562,-,-
1781912358000,1539.296875,1459.6174219,929.6649479,105.5930273,609.631862,1354.0244141,26.9101562,26.9101562,-,-
1781912409000,1537.9966797,1444.3874219,925.9548242,105.2217936,612.0417904,1339.1656836,26.9101562,26.9101562,-,-
1781912460000,1524.6789062,1452.1033854,912.104362,103.7578125,612.5744792,1348.3455729,26.9101562,26.9101562,-,-
1781912511000,1502.239349,1461.9748958,889.6568913,103.7578125,612.5824479,1358.2170833,26.9101562,26.9101562,-,-
1781912562000,1576.5802604,1560.151862,964.5861198,118.0064583,611.9941862,1442.1454036,26.9101562,26.9101562,-,-
1781912613000,1655.6439583,1253.3043717,1173.2364128,198.529668,482.4075391,1054.7747038,26.9101562,26.9101562,-,-
1781912664000,1703.61,976.643737,1326.9484115,259.3144792,376.6615495,717.3292578,26.9101562,26.9101562,-,-
1781912715000,1719.0480469,996.8611979,1342.1263997,258.8721517,376.9216471,737.9890462,26.9101562,26.9101562,-,-
1781912766000,1708.7729036,1020.5761328,1331.3904427,257.7363737,377.3824674,762.8397591,26.9101562,26.9101562,-,-
1781912817000,1638.3279362,1020.688138,1260.8809505,255.4778418,377.4470475,765.2102962,26.9101562,26.9101562,-,-
1781912868000,1244.6816146,1025.3438932,867.1820313,238.4032682,377.4995443,786.940625,26.9101562,26.9101562,-,-
1781912919000,1146.4848568,1030.4482064,768.9417155,233.8213411,377.5431608,796.6268652,26.9101562,26.9101562,-,-
1781912970000,1138.2923828,1032.9703125,760.7188151,233.5908203,377.5736003,799.3794922,26.9101562,26.9101562,-,-
1781913021000,1128.5939518,1033.7166927,750.6149837,233.5407227,377.9789909,800.1759701,26.9101562,26.9101562,-,-
1781913072000,1126.8207812,1034.541237,748.0874479,233.5289063,378.7333854,801.0123307,26.9101562,26.9101562,-,-
1781913123000,1133.9711979,1036.1834408,755.1214258,233.5273438,378.8497721,802.656097,26.9101562,26.9101562,-,-
1781913174000,1130.0859896,1051.8405404,751.0674349,233.5273438,379.0185547,818.3131966,26.9101562,26.9101562,-,-
1781913225000,1128.1376953,1057.5796224,749.0383464,233.5040039,379.0993978,824.0756185,26.9101562,26.9101562,-,-
1781913276000,1149.1048437,1076.8898177,769.9549479,233.4867708,379.1499219,843.4030469,26.9101562,26.9101562,-,-
1781913327000,1189.6833073,1112.3187695,810.4672005,233.4804688,379.2160775,878.8383008,26.9101562,26.9101562,-,-
1781913378000,1215.8808594,1141.156849,836.5776823,233.4628516,379.3031315,907.6939779,26.9101562,26.9101562,-,-
1781913429000,1192.5439714,1143.6883464,813.1671159,233.3995768,379.3768457,910.2887142,26.9101562,26.9101562,-,-
1781913480000,1138.4315104,1155.2330729,759.0441406,233.2739583,379.3873047,921.9591146,26.9101562,26.9101562,-,-
1781913531000,1142.9740299,1159.8924674,763.5437174,233.0801074,379.4303027,926.81236,26.9101562,26.9101562,-,-
1781913582000,1153.6167578,1163.5429688,774.1326563,233.0226107,379.4841016,930.5203581,26.9101562,26.9101562,-,-
1781913633000,1167.2725326,1168.4203841,787.7619303,233.0096224,379.5106022,935.4107259,26.9101562,26.9101562,-,-
1781913684000,1184.0423177,1176.5132812,804.5045443,233.0058594,379.5377734,943.5073828,26.9101562,26.9101562,-,-
1781913735000,1195.6428385,1187.4705729,816.0701335,232.883138,379.5727051,954.5874349,26.9101562,26.9101562,-,-
1781913786000,1200.5330469,1257.6048047,817.4350391,227.9183854,383.0980078,1029.6864193,26.9101562,26.9101562,-,-
1781913837000,1292.359388,1769.1807357,879.3573177,188.7975781,413.0020703,1580.3831576,26.9101562,26.9101562,-,-
1781913888000,1302.420625,1806.1682292,884.1183984,183.1989062,418.3022266,1622.969375,26.9101562,26.9101562,-,-
1781913939000,1253.6156966,1811.1367643,834.3550716,181.6916211,419.260625,1629.4452083,26.9101562,26.9101562,-,-
1781913990000,1228.152474,1813.2151693,808.8341471,181.1642578,419.3183268,1632.0509766,26.9101562,26.9101562,-,-
1781914041000,1236.7125781,1820.8326888,816.9427995,180.7477734,419.7698014,1640.0849805,26.9101562,26.9101562,-,-
1781914092000,1249.0176563,1835.4922396,828.4421354,180.2322396,420.5755729,1655.2600521,26.9101562,26.9101562,-,-
1781914143000,1244.8492383,1837.5564323,824.1269499,180.078125,420.7222884,1657.4783073,26.9101562,26.9101562,-,-
1781914194000,1235.9511328,1795.9582292,812.8267643,180.078125,423.1243685,1615.8801042,26.9101562,26.9101562,-,-
1781914245000,1248.1043945,1794.3385417,824.4328776,180.078125,423.6715658,1614.2604167,26.9101562,26.9101562,-,-
1781914296000,1237.6813021,1808.5393229,813.9109766,180.0732031,423.7703125,1628.4661198,26.9101562,26.9101562,-,-
1781914347000,1250.3591602,1794.3604297,809.8336361,180.0333887,440.5254883,1614.3270703,26.9101562,26.9101562,-,-
1781914398000,1281.6417578,1762.706888,817.1572917,179.9606901,464.4844661,1582.746263,26.9101562,26.9101562,-,-
1781914449000,1290.096582,1754.3139388,817.4610612,179.8827376,472.6355208,1574.431276,26.9101562,26.9101562,-,-
1781914500000,1288.9615885,1754.9101562,816.269401,179.811849,472.6921875,1575.0984375,26.9101562,26.9101562,-,-
1781914551000,1277.8694206,1755.7167708,805.1089453,179.7899349,472.7604199,1575.9268555,26.9101562,26.9101562,-,-
1781914602000,1305.428099,1758.2494141,832.6357487,179.6260156,472.7922852,1578.6233984,26.9101562,26.9101562,-,-
1781914653000,1366.9992187,1717.2771029,891.18125,179.3278255,475.8179753,1537.949349,26.9101562,26.9101562,-,-
1781914704000,1405.9181771,1665.7269792,926.5785286,179.0541667,479.3396875,1486.6729167,26.9101562,26.9101562,-,-
1781914755000,1394.0919271,1640.2429036,913.1471842,178.9195475,480.9447266,1461.3234049,26.9101562,26.9101562,-,-
1781914806000,1360.927474,1641.2337891,879.9035286,178.9010938,481.0238867,1462.3326953,26.9101562,26.9101562,-,-
1781914857000,1338.233138,1642.0146159,857.1838477,178.8948958,481.0492871,1463.1197201,26.9101562,26.9101562,-,-
1781914908000,1291.9986979,1642.8363802,810.945,178.8945312,481.0536979,1463.941849,26.9101562,26.9101562,-,-
1781914959000,1299.6876432,1657.6023568,818.6178125,178.8945312,481.0698307,1478.7078255,26.9101562,26.9101562,-,-
1781915010000,1307.6828125,1747.8525391,864.4128581,178.908724,443.2699544,1568.9438151,26.9101562,26.9101562,-,-
1781915061000,1277.7565299,1835.3113346,901.3149414,178.9386165,376.4415658,1656.3726953,26.9101562,26.9101562,-,-
1781915112000,1227.261901,1844.8784375,904.696224,178.9407943,322.565625,1665.9376042,26.9101562,26.9101562,-,-
1781915163000,1229.1788346,1845.6201823,906.5350879,178.8272624,322.64375,1666.7929818,26.9101562,26.9101562,-,-
1781915214000,1192.6032682,1846.0518229,869.9064518,178.7318034,322.696875,1667.320026,26.9101562,26.9101562,-,-
1781915265000,1158.5403971,1856.6116862,835.8319173,178.5851237,322.7084961,1678.0265625,26.9101562,26.9101562,-,-
1781915316000,1155.1976302,1862.4301042,832.4383203,178.4269271,322.7593099,1684.0031771,26.9101562,26.9101562,-,-
1781915367000,1173.9882227,1864.4709245,851.1366113,178.3515039,322.8516113,1686.1194206,26.9101562,26.9101562,-,-
1781915418000,1193.644375,1865.3389193,870.7089583,178.3491276,322.9354167,1686.9897917,26.9101562,26.9101562,-,-
