timestamp,Active (GiBy),Inactive (GiBy),Active(anon) (GiBy),Inactive(anon) (GiBy),Active(file) (GiBy),Inactive(file) (GiBy),Unevictable (GiBy),Mlocked (GiBy),anomaly%,annotations
03:14:27,1.0687,1.7485,0.7602,0.0695,0.3085,1.6789,0.0263,0.0263,-,-
03:15:18,1.063,1.7539,0.7545,0.0695,0.3085,1.6843,0.0263,0.0263,-,-
03:16:09,1.0585,1.7438,0.75,0.0695,0.3085,1.6743,0.0263,0.0263,-,-
03:17:00,1.0478,1.6847,0.7393,0.0695,0.3085,1.6152,0.0263,0.0263,-,-
03:17:51,1.056,1.6785,0.7475,0.0695,0.3085,1.609,0.0263,0.0263,-,-
03:18:42,1.0641,1.6847,0.7556,0.0695,0.3085,1.6152,0.0263,0.0263,-,-
03:19:33,1.0772,1.6916,0.7687,0.0695,0.3085,1.6221,0.0263,0.0263,-,-
03:20:24,1.0861,1.7265,0.7775,0.0695,0.3085,1.657,0.0263,0.0263,-,-
03:21:15,1.0883,1.7743,0.7797,0.0695,0.3085,1.7048,0.0263,0.0263,-,-
03:22:06,1.0934,1.7744,0.7848,0.0695,0.3086,1.705,0.0263,0.0263,-,-
03:22:57,1.0985,1.775,0.7899,0.0694,0.3086,1.7056,0.0263,0.0263,-,-
03:23:48,1.0972,1.7832,0.7886,0.0693,0.3086,1.7139,0.0263,0.0263,-,-
03:24:39,1.0907,1.7868,0.7821,0.0693,0.3086,1.7175,0.0263,0.0263,-,-
03:25:30,1.0861,1.7877,0.7774,0.0693,0.3087,1.7184,0.0263,0.0263,-,-
03:26:21,1.0763,1.788,0.7676,0.0693,0.3087,1.7188,0.0263,0.0263,-,-
03:27:12,1.06,1.7887,0.7512,0.0693,0.3087,1.7194,0.0263,0.0263,-,-
03:28:03,1.0607,1.7896,0.752,0.0693,0.3087,1.7203,0.0263,0.0263,-,-
03:28:54,1.1186,1.7985,0.8099,0.0693,0.3087,1.7292,0.0263,0.0263,-,-
03:29:45,1.1394,1.8045,0.8299,0.0693,0.3094,1.7352,0.0263,0.0263,-,-
03:30:36,1.1451,1.8066,0.8353,0.0693,0.3097,1.7373,0.0263,0.0263,-,-
03:31:27,1.1221,1.8072,0.8123,0.0693,0.3098,1.7379,0.0263,0.0263,-,-
03:32:18,1.0868,1.8078,0.7769,0.0693,0.3099,1.7385,0.0263,0.0263,-,-
03:33:09,1.0723,1.8099,0.7624,0.0693,0.3099,1.7406,0.0263,0.0263,-,-
03:34:00,1.0751,1.8184,0.7652,0.0693,0.3099,1.7491,0.0263,0.0263,-,-
03:34:51,1.0735,1.824,0.7636,0.0693,0.31,1.7547,0.0263,0.0263,-,-
03:35:42,1.0724,1.8254,0.7624,0.0693,0.31,1.7561,0.0263,0.0263,-,-
03:36:33,1.0735,1.8261,0.7634,0.0693,0.31,1.7568,0.0263,0.0263,-,-
03:37:24,1.0753,1.8267,0.7652,0.0693,0.3101,1.7574,0.0263,0.0263,-,-
03:38:15,1.0763,1.8297,0.7662,0.0693,0.3101,1.7605,0.0263,0.0263,-,-
03:39:06,1.0767,1.8383,0.7665,0.0693,0.3101,1.769,0.0263,0.0263,-,-
03:39:57,1.0759,1.8439,0.7657,0.0693,0.3102,1.7746,0.0263,0.0263,-,-
03:40:48,1.1102,1.8461,0.8001,0.0693,0.3102,1.7768,0.0263,0.0263,-,-
03:41:39,1.1184,1.8462,0.8082,0.0693,0.3102,1.7769,0.0263,0.0263,-,-
03:42:30,1.1384,1.8464,0.8281,0.0693,0.3102,1.7771,0.0263,0.0263,-,-
03:43:21,1.1568,1.8503,0.8465,0.0693,0.3103,1.781,0.0263,0.0263,-,-
03:44:12,1.1532,1.8582,0.843,0.0693,0.3103,1.789,0.0263,0.0263,-,-
03:45:03,1.1505,1.8637,0.8402,0.0693,0.3103,1.7944,0.0263,0.0263,-,-
03:45:54,1.1196,1.8642,0.8094,0.0693,0.3103,1.7949,0.0263,0.0263,-,-
03:46:45,1.0891,1.8645,0.7788,0.0693,0.3103,1.7952,0.0263,0.0263,-,-
03:47:36,1.0806,1.8648,0.7703,0.0693,0.3103,1.7955,0.0263,0.0263,-,-
03:48:27,1.0837,1.8696,0.7734,0.0693,0.3103,1.8003,0.0263,0.0263,-,-
03:49:18,1.0882,1.8772,0.7779,0.0693,0.3103,1.808,0.0263,0.0263,-,-
03:50:09,1.0966,1.8819,0.7863,0.0693,0.3103,1.8126,0.0263,0.0263,-,-
03:51:00,1.1312,1.8825,0.8209,0.0693,0.3103,1.8132,0.0263,0.0263,-,-
03:51:51,1.1287,1.883,0.8184,0.0692,0.3103,1.8137,0.0263,0.0263,-,-
03:52:42,1.1855,1.9224,0.8738,0.0692,0.3118,1.8532,0.0263,0.0263,-,-
03:53:33,1.1509,1.9454,0.8597,0.0784,0.2913,1.8669,0.0263,0.0263,-,-
03:54:24,1.0928,1.9546,0.8234,0.0878,0.2695,1.8668,0.0263,0.0263,-,-
03:55:15,1.0801,1.9613,0.8173,0.0906,0.2629,1.8707,0.0263,0.0263,-,-
03:56:06,1.0815,1.9619,0.8182,0.0906,0.2633,1.8713,0.0263,0.0263,-,-
03:56:57,1.0471,1.9625,0.7838,0.0906,0.2633,1.8719,0.0263,0.0263,-,-
03:57:48,1.0344,1.9629,0.7711,0.0906,0.2633,1.8724,0.0263,0.0263,-,-
03:58:39,1.043,1.9698,0.7797,0.0906,0.2633,1.8792,0.0263,0.0263,-,-
03:59:30,1.0559,1.9553,0.7853,0.0882,0.2706,1.8671,0.0263,0.0263,-,-
04:00:21,1.0845,1.9246,0.802,0.0846,0.2825,1.84,0.0263,0.0263,-,-
04:01:12,1.1235,1.9002,0.8353,0.0832,0.2882,1.8171,0.0263,0.0263,-,-
04:02:03,1.1148,1.8964,0.8381,0.0865,0.2767,1.8099,0.0263,0.0263,-,-
04:02:54,1.067,1.9009,0.7994,0.088,0.2676,1.813,0.0263,0.0263,-,-
04:03:45,1.0539,1.9083,0.7873,0.0872,0.2666,1.8211,0.0263,0.0263,-,-
04:04:36,1.0529,1.9145,0.7863,0.0869,0.2667,1.8277,0.0263,0.0263,-,-
04:05:27,1.0539,1.9175,0.7872,0.0869,0.2667,1.8306,0.0263,0.0263,-,-
04:06:18,1.0503,1.9181,0.7836,0.0869,0.2667,1.8312,0.0263,0.0263,-,-
04:07:09,1.0438,1.9187,0.7771,0.0869,0.2667,1.8318,0.0263,0.0263,-,-
04:08:00,1.0541,1.9191,0.7874,0.0869,0.2667,1.8322,0.0263,0.0263,-,-
04:08:51,1.0382,1.928,0.7714,0.0869,0.2668,1.8411,0.0263,0.0263,-,-
04:09:42,1.0531,1.9342,0.7863,0.0869,0.2668,1.8473,0.0263,0.0263,-,-
04:10:33,1.0597,1.9369,0.7926,0.0869,0.2671,1.85,0.0263,0.0263,-,-
04:11:24,1.0533,1.9376,0.786,0.0869,0.2674,1.8507,0.0263,0.0263,-,-
04:12:15,1.0467,1.9381,0.7793,0.0869,0.2674,1.8513,0.0263,0.0263,-,-
04:13:06,1.052,1.9397,0.7846,0.0869,0.2674,1.8528,0.0263,0.0263,-,-
04:13:57,1.051,1.9484,0.7836,0.0869,0.2674,1.8615,0.0263,0.0263,-,-
04:14:48,1.0544,1.9539,0.787,0.0869,0.2674,1.867,0.0263,0.0263,-,-
04:15:39,1.0517,1.9554,0.7843,0.0869,0.2674,1.8686,0.0263,0.0263,-,-
04:16:30,1.0496,1.956,0.7822,0.0869,0.2674,1.8692,0.0263,0.0263,-,-
04:17:21,1.0512,1.9566,0.7837,0.0868,0.2674,1.8698,0.0263,0.0263,-,-
04:18:12,1.0536,1.959,0.7862,0.0868,0.2674,1.8722,0.0263,0.0263,-,-
04:19:03,1.0502,1.9676,0.7828,0.0868,0.2674,1.8808,0.0263,0.0263,-,-
04:19:54,1.0555,1.9729,0.7881,0.0865,0.2675,1.8863,0.0263,0.0263,-,-
04:20:45,1.1102,1.9787,0.803,0.0878,0.3071,1.8909,0.0263,0.0263,-,-
04:21:36,1.3134,1.5482,1.0141,0.1729,0.2992,1.3753,0.0263,0.0263,-,-
04:22:27,1.4396,1.1817,1.1622,0.2364,0.2773,0.9453,0.0263,0.0263,-,-
04:23:18,1.4339,1.0848,1.166,0.245,0.2678,0.8397,0.0263,0.0263,-,-
04:24:09,1.415,1.0728,1.1471,0.245,0.2679,0.8278,0.0263,0.0263,-,-
04:25:00,1.4282,1.0203,1.1603,0.245,0.2679,0.7752,0.0263,0.0263,-,-
04:25:51,1.044,1.0185,0.7751,0.245,0.2689,0.7735,0.0263,0.0263,-,-
04:26:42,0.9387,1.0262,0.6642,0.245,0.2745,0.7812,0.0263,0.0263,-,-
04:27:33,0.9182,1.0301,0.6413,0.245,0.2768,0.7851,0.0263,0.0263,-,-
04:28:24,0.91,1.0308,0.6331,0.245,0.2769,0.7858,0.0263,0.0263,-,-
04:29:15,0.9063,1.0316,0.6294,0.245,0.2769,0.7866,0.0263,0.0263,-,-
04:30:06,0.9146,1.033,0.6374,0.245,0.2771,0.788,0.0263,0.0263,-,-
04:30:57,0.9028,1.0406,0.6254,0.245,0.2774,0.7956,0.0263,0.0263,-,-
04:31:48,0.9089,1.048,0.6315,0.245,0.2774,0.803,0.0263,0.0263,-,-
04:32:39,0.9165,1.0502,0.639,0.245,0.2775,0.8051,0.0263,0.0263,-,-
04:33:30,0.9147,1.0507,0.6373,0.245,0.2775,0.8057,0.0263,0.0263,-,-
04:34:21,0.9111,1.0514,0.6336,0.245,0.2775,0.8064,0.0263,0.0263,-,-
04:35:12,0.9134,1.0551,0.6358,0.245,0.2776,0.8101,0.0263,0.0263,-,-
04:36:03,0.9132,1.0682,0.6356,0.245,0.2776,0.8232,0.0263,0.0263,-,-
04:36:54,0.9135,1.0819,0.6359,0.245,0.2776,0.8369,0.0263,0.0263,-,-
04:37:45,0.9132,1.0838,0.6356,0.245,0.2776,0.8388,0.0263,0.0263,-,-
04:38:36,0.918,1.0844,0.6404,0.245,0.2777,0.8394,0.0263,0.0263,-,-
04:39:27,0.9224,1.085,0.6447,0.245,0.2777,0.84,0.0263,0.0263,-,-
04:40:18,0.9239,1.088,0.6462,0.245,0.2777,0.843,0.0263,0.0263,-,-
04:41:09,0.9271,1.1272,0.6493,0.245,0.2778,0.8822,0.0263,0.0263,-,-
04:42:00,0.9425,1.3153,0.6645,0.245,0.278,1.0703,0.0263,0.0263,-,-
04:42:51,1.0428,1.4101,0.7647,0.245,0.2781,1.1651,0.0263,0.0263,-,-
04:43:42,1.0776,1.4317,0.7994,0.245,0.2782,1.1867,0.0263,0.0263,-,-
04:44:33,1.045,1.4359,0.7667,0.2447,0.2783,1.1912,0.0263,0.0263,-,-
04:45:24,1.0062,1.4414,0.728,0.2444,0.2783,1.197,0.0263,0.0263,-,-
04:46:15,0.9963,1.4543,0.718,0.2443,0.2783,1.21,0.0263,0.0263,-,-
04:47:06,0.9933,1.4772,0.7149,0.2443,0.2784,1.2329,0.0263,0.0263,-,-
04:47:57,0.9888,1.4854,0.7103,0.2443,0.2785,1.2411,0.0263,0.0263,-,-
04:48:48,0.9707,1.4863,0.6922,0.2443,0.2785,1.242,0.0263,0.0263,-,-
04:49:39,0.9573,1.4868,0.6788,0.2443,0.2785,1.2425,0.0263,0.0263,-,-
04:50:30,0.9532,1.4912,0.6746,0.2443,0.2785,1.2469,0.0263,0.0263,-,-
04:51:21,0.957,1.4985,0.6784,0.2443,0.2786,1.2542,0.0263,0.0263,-,-
04:52:12,0.9641,1.5043,0.6854,0.2443,0.2787,1.2601,0.0263,0.0263,-,-
04:53:03,0.97,1.5047,0.6912,0.2443,0.2788,1.2604,0.0263,0.0263,-,-
04:53:54,0.9816,1.5051,0.7027,0.2442,0.279,1.2609,0.0263,0.0263,-,-
04:54:45,0.9918,1.5056,0.7128,0.2442,0.279,1.2615,0.0263,0.0263,-,-
04:55:36,0.9981,1.5107,0.7191,0.2442,0.279,1.2666,0.0263,0.0263,-,-
04:56:27,1.0035,1.518,0.7244,0.2442,0.2791,1.2739,0.0263,0.0263,-,-
04:57:18,1.0069,1.5231,0.7277,0.2442,0.2791,1.279,0.0263,0.0263,-,-
04:58:09,0.9996,1.5237,0.7204,0.2442,0.2792,1.2796,0.0263,0.0263,-,-
04:59:00,0.9652,1.5243,0.6859,0.2441,0.2792,1.2801,0.0263,0.0263,-,-
04:59:51,0.947,1.5248,0.6677,0.2441,0.2792,1.2806,0.0263,0.0263,-,-
05:00:42,0.9523,1.5305,0.673,0.2441,0.2792,1.2864,0.0263,0.0263,-,-
05:01:33,0.9795,1.5389,0.7003,0.2441,0.2793,1.2947,0.0263,0.0263,-,-
05:02:24,1.0022,1.5435,0.7228,0.244,0.2794,1.2994,0.0263,0.0263,-,-
05:03:15,1.0083,1.5432,0.7289,0.2438,0.2795,1.2993,0.0263,0.0263,-,-
05:04:06,1.0068,1.5435,0.7273,0.2437,0.2795,1.2998,0.0263,0.0263,-,-
05:04:57,0.9642,1.5441,0.6845,0.2437,0.2796,1.3004,0.0263,0.0263,-,-
05:05:48,0.9683,1.5507,0.6887,0.2437,0.2797,1.3071,0.0263,0.0263,-,-
05:06:39,0.9743,1.5581,0.6947,0.2436,0.2797,1.3144,0.0263,0.0263,-,-
05:07:30,0.9755,1.5614,0.6958,0.2436,0.2797,1.3178,0.0263,0.0263,-,-
05:08:21,0.9836,1.5617,0.7038,0.2436,0.2798,1.3181,0.0263,0.0263,-,-
05:09:12,1.0052,1.5617,0.7255,0.2436,0.2798,1.3181,0.0263,0.0263,-,-
05:10:03,1.0243,1.5637,0.7445,0.2436,0.2798,1.3201,0.0263,0.0263,-,-
05:10:54,1.042,1.5971,0.7621,0.2436,0.2799,1.3535,0.0263,0.0263,-,-
05:11:45,1.0575,1.621,0.7776,0.2436,0.2799,1.3774,0.0263,0.0263,-,-
05:12:36,1.0274,1.6281,0.7475,0.2436,0.2799,1.3845,0.0263,0.0263,-,-
05:13:27,0.9786,1.6286,0.6987,0.2436,0.28,1.3851,0.0263,0.0263,-,-
05:14:18,0.954,1.6292,0.674,0.2436,0.28,1.3856,0.0263,0.0263,-,-
05:15:09,0.9739,1.6309,0.6939,0.2436,0.28,1.3874,0.0263,0.0263,-,-
05:16:00,0.9971,1.638,0.7171,0.2436,0.2801,1.3944,0.0263,0.0263,-,-
05:16:51,1.0161,1.6482,0.736,0.2436,0.2801,1.4046,0.0263,0.0263,-,-
05:17:42,1.0271,1.6517,0.747,0.2436,0.2802,1.4082,0.0263,0.0263,-,-
05:18:33,1.0277,1.6528,0.7475,0.2436,0.2802,1.4092,0.0263,0.0263,-,-
05:19:24,1.025,1.6533,0.7447,0.2436,0.2802,1.4098,0.0263,0.0263,-,-
05:20:15,1.0241,1.66,0.7438,0.2436,0.2803,1.4165,0.0263,0.0263,-,-
05:21:06,1.0243,1.6813,0.7441,0.2436,0.2803,1.4377,0.0263,0.0263,-,-
05:21:57,1.0319,1.7003,0.7516,0.2436,0.2803,1.4567,0.0263,0.0263,-,-
05:22:48,1.0351,1.701,0.7548,0.2436,0.2803,1.4574,0.0263,0.0263,-,-
05:23:39,1.0202,1.701,0.7399,0.2436,0.2803,1.4575,0.0263,0.0263,-,-
05:24:30,1.0048,1.7012,0.7245,0.2436,0.2803,1.4576,0.0263,0.0263,-,-
05:25:21,0.9919,1.704,0.7114,0.2435,0.2805,1.4605,0.0263,0.0263,-,-
05:26:12,0.9949,1.709,0.7139,0.2418,0.2809,1.4672,0.0263,0.0263,-,-
05:27:03,1.0533,1.7081,0.7717,0.2345,0.2815,1.4737,0.0263,0.0263,-,-
05:27:54,1.0976,1.7043,0.816,0.2307,0.2816,1.4736,0.0263,0.0263,-,-
05:28:45,1.1136,1.7152,0.832,0.23,0.2816,1.4852,0.0263,0.0263,-,-
05:29:36,1.1336,1.7282,0.8518,0.2299,0.2817,1.4983,0.0263,0.0263,-,-
05:30:27,1.1229,1.7381,0.841,0.2299,0.2819,1.5082,0.0263,0.0263,-,-
05:31:18,1.0903,1.7453,0.8084,0.2299,0.2819,1.5154,0.0263,0.0263,-,-
05:32:09,1.0834,1.7569,0.8015,0.2299,0.2819,1.527,0.0263,0.0263,-,-
05:33:00,1.1272,1.7876,0.8452,0.2299,0.282,1.5576,0.0263,0.0263,-,-
05:33:51,1.2157,1.8245,0.9332,0.2299,0.2825,1.5946,0.0263,0.0263,-,-
05:34:42,1.2431,1.7609,0.9365,0.2101,0.3067,1.5508,0.0263,0.0263,-,-
05:35:33,1.2018,1.7167,0.8786,0.1973,0.3232,1.5194,0.0263,0.0263,-,-
05:36:24,1.1684,1.7086,0.84,0.1938,0.3284,1.5149,0.0263,0.0263,-,-
05:37:15,1.174,1.7142,0.8455,0.1938,0.3284,1.5204,0.0263,0.0263,-,-
05:38:06,1.1695,1.7148,0.841,0.1938,0.3285,1.521,0.0263,0.0263,-,-
05:38:57,1.1605,1.7152,0.8319,0.1938,0.3285,1.5214,0.0263,0.0263,-,-
05:39:48,1.1419,1.7155,0.8134,0.1938,0.3285,1.5218,0.0263,0.0263,-,-
05:40:39,1.1278,1.721,0.7992,0.1938,0.3286,1.5273,0.0263,0.0263,-,-
05:41:30,1.1347,1.734,0.8061,0.1938,0.3286,1.5402,0.0263,0.0263,-,-
05:42:21,1.1713,1.7442,0.8426,0.1938,0.3287,1.5505,0.0263,0.0263,-,-
05:43:12,1.2252,1.7448,0.8964,0.1938,0.3288,1.551,0.0263,0.0263,-,-
05:44:03,1.2576,1.7449,0.9288,0.1938,0.3288,1.5511,0.0263,0.0263,-,-
05:44:54,1.2168,1.736,0.8896,0.1938,0.3272,1.5422,0.0263,0.0263,-,-
05:45:45,1.1658,1.7305,0.8407,0.1938,0.3251,1.5367,0.0263,0.0263,-,-
05:46:36,1.1617,1.7342,0.8372,0.1938,0.3245,1.5405,0.0263,0.0263,-,-
05:47:27,1.1711,1.7381,0.8466,0.1938,0.3245,1.5443,0.0263,0.0263,-,-
05:48:18,1.1609,1.7387,0.8364,0.1938,0.3245,1.545,0.0263,0.0263,-,-
05:49:09,1.1239,1.7393,0.7994,0.1938,0.3245,1.5456,0.0263,0.0263,-,-
05:50:00,1.0791,1.7398,0.7546,0.1938,0.3245,1.5461,0.0263,0.0263,-,-
05:50:51,1.1024,1.7468,0.7778,0.1938,0.3246,1.5531,0.0263,0.0263,-,-
05:51:42,1.1181,1.7542,0.7935,0.1938,0.3246,1.5604,0.0263,0.0263,-,-
05:52:33,1.1365,1.7572,0.8118,0.1938,0.3247,1.5634,0.0263,0.0263,-,-
05:53:24,1.1583,1.7577,0.8335,0.1938,0.3248,1.5639,0.0263,0.0263,-,-
05:54:15,1.17,1.7582,0.8451,0.1937,0.3248,1.5645,0.0263,0.0263,-,-
05:55:06,1.1512,1.7594,0.8264,0.1937,0.3248,1.5657,0.0263,0.0263,-,-
05:55:57,1.1073,1.7665,0.7825,0.1937,0.3248,1.5728,0.0263,0.0263,-,-
05:56:48,1.1019,1.7739,0.7771,0.1937,0.3248,1.5802,0.0263,0.0263,-,-
05:57:39,1.0875,1.7761,0.7626,0.1937,0.3248,1.5824,0.0263,0.0263,-,-
05:58:30,1.0825,1.7768,0.7576,0.1937,0.3248,1.583,0.0263,0.0263,-,-
05:59:21,1.0905,1.7775,0.7656,0.1937,0.3249,1.5837,0.0263,0.0263,-,-
06:00:12,1.0968,1.7769,0.772,0.1937,0.3248,1.5831,0.0263,0.0263,-,-
06:01:03,1.0808,1.7721,0.7562,0.1937,0.3246,1.5784,0.0263,0.0263,-,-
06:01:54,1.0776,1.7651,0.7533,0.1937,0.3243,1.5714,0.0263,0.0263,-,-
06:02:45,1.0941,1.7645,0.7698,0.1937,0.3242,1.5707,0.0263,0.0263,-,-
06:03:36,1.103,1.7649,0.7787,0.1937,0.3242,1.5712,0.0263,0.0263,-,-
06:04:27,1.0912,1.7655,0.7669,0.1937,0.3243,1.5717,0.0263,0.0263,-,-
06:05:18,1.076,1.7683,0.7517,0.1937,0.3243,1.5746,0.0263,0.0263,-,-
06:06:09,1.08,1.7755,0.7557,0.1937,0.3243,1.5818,0.0263,0.0263,-,-
06:07:00,1.0777,1.783,0.7534,0.1937,0.3243,1.5893,0.0263,0.0263,-,-
06:07:51,1.0777,1.7835,0.7534,0.1937,0.3243,1.5898,0.0263,0.0263,-,-
06:08:42,1.087,1.784,0.7627,0.1937,0.3243,1.5903,0.0263,0.0263,-,-
06:09:33,1.1092,1.7845,0.7849,0.1937,0.3243,1.5908,0.0263,0.0263,-,-
06:10:24,1.1259,1.7881,0.8016,0.1937,0.3243,1.5944,0.0263,0.0263,-,-
06:11:15,1.1242,1.7952,0.7998,0.1937,0.3243,1.6015,0.0263,0.0263,-,-
06:12:06,1.11,1.8019,0.7856,0.1937,0.3243,1.6082,0.0263,0.0263,-,-
06:12:57,1.1025,1.8024,0.7782,0.1937,0.3243,1.6087,0.0263,0.0263,-,-
06:13:48,1.1041,1.8029,0.7796,0.1937,0.3245,1.6092,0.0263,0.0263,-,-
06:14:39,1.1094,1.8167,0.7849,0.1937,0.3245,1.623,0.0263,0.0263,-,-
06:15:30,1.1346,1.837,0.8092,0.1934,0.3254,1.6435,0.0263,0.0263,-,-
06:16:21,1.1596,1.8497,0.8328,0.193,0.3268,1.6567,0.0263,0.0263,-,-
06:17:12,1.1673,1.8494,0.8396,0.1927,0.3278,1.6566,0.0263,0.0263,-,-
06:18:03,1.1797,1.8481,0.8511,0.1927,0.3286,1.6554,0.0263,0.0263,-,-
06:18:54,1.1726,1.8176,0.8288,0.1923,0.3438,1.6254,0.0263,0.0263,-,-
06:19:45,1.1337,1.7812,0.7718,0.1917,0.3619,1.5895,0.0263,0.0263,-,-
06:20:36,1.1298,1.7756,0.7624,0.1916,0.3674,1.584,0.0263,0.0263,-,-
06:21:27,1.1567,1.7836,0.7894,0.1916,0.3674,1.592,0.0263,0.0263,-,-
06:22:18,1.1926,1.7892,0.8252,0.1916,0.3674,1.5977,0.0263,0.0263,-,-
06:23:09,1.2156,1.7898,0.8481,0.1916,0.3674,1.5983,0.0263,0.0263,-,-
06:24:00,1.213,1.7904,0.8454,0.1916,0.3675,1.5988,0.0263,0.0263,-,-
06:24:51,1.195,1.7907,0.8273,0.1914,0.3677,1.5993,0.0263,0.0263,-,-
06:25:42,1.1896,1.7971,0.8069,0.1912,0.3827,1.6059,0.0263,0.0263,-,-
06:26:33,1.2341,1.7842,0.8072,0.1956,0.4269,1.5886,0.0263,0.0263,-,-
06:27:24,1.3053,1.7154,0.8022,0.2123,0.5031,1.5031,0.0263,0.0263,-,-
06:28:15,1.3516,1.6313,0.7805,0.2316,0.571,1.3997,0.0263,0.0263,-,-
06:29:06,1.3328,1.6315,0.7617,0.2309,0.5711,1.4005,0.0263,0.0263,-,-
06:29:57,1.2932,1.6319,0.722,0.2306,0.5712,1.4013,0.0263,0.0263,-,-
06:30:48,1.2933,1.6389,0.7221,0.2306,0.5712,1.4082,0.0263,0.0263,-,-
06:31:39,1.2963,1.6464,0.725,0.2306,0.5713,1.4158,0.0263,0.0263,-,-
06:32:30,1.349,1.6373,0.7452,0.2291,0.6038,1.4082,0.0263,0.0263,-,-
06:33:21,1.286,1.7935,0.7677,0.2377,0.5183,1.5559,0.0263,0.0263,-,-
06:34:12,1.1403,2.0499,0.7776,0.2252,0.3627,1.8247,0.0263,0.0263,-,-
06:35:03,1.4079,1.8138,0.7923,0.1007,0.6156,1.7131,0.0263,0.0263,-,-
06:35:54,1.4236,1.637,0.8273,0.1053,0.5963,1.5317,0.0263,0.0263,-,-
06:36:45,1.4508,1.5476,0.868,0.1041,0.5827,1.4435,0.0263,0.0263,-,-
06:37:36,1.4783,1.5345,0.8985,0.1033,0.5798,1.4312,0.0263,0.0263,-,-
06:38:27,1.4963,1.4921,0.9096,0.1032,0.5867,1.389,0.0263,0.0263,-,-
06:39:18,1.5032,1.4254,0.9079,0.1031,0.5953,1.3223,0.0263,0.0263,-,-
06:40:09,1.5019,1.4105,0.9043,0.1028,0.5977,1.3078,0.0263,0.0263,-,-
06:41:00,1.4889,1.4181,0.8907,0.1013,0.5982,1.3167,0.0263,0.0263,-,-
06:41:51,1.467,1.4277,0.8688,0.1013,0.5982,1.3264,0.0263,0.0263,-,-
06:42:42,1.5396,1.5236,0.942,0.1152,0.5977,1.4083,0.0263,0.0263,-,-
06:43:33,1.6168,1.2239,1.1457,0.1939,0.4711,1.0301,0.0263,0.0263,-,-
06:44:24,1.6637,0.9538,1.2958,0.2532,0.3678,0.7005,0.0263,0.0263,-,-
06:45:15,1.6788,0.9735,1.3107,0.2528,0.3681,0.7207,0.0263,0.0263,-,-
06:46:06,1.6687,0.9967,1.3002,0.2517,0.3685,0.745,0.0263,0.0263,-,-
06:46:57,1.5999,0.9968,1.2313,0.2495,0.3686,0.7473,0.0263,0.0263,-,-
06:47:48,1.2155,1.0013,0.8469,0.2328,0.3687,0.7685,0.0263,0.0263,-,-
06:48:39,1.1196,1.0063,0.7509,0.2283,0.3687,0.778,0.0263,0.0263,-,-
06:49:30,1.1116,1.0088,0.7429,0.2281,0.3687,0.7806,0.0263,0.0263,-,-
06:50:21,1.1021,1.0095,0.733,0.2281,0.3691,0.7814,0.0263,0.0263,-,-
06:51:12,1.1004,1.0103,0.7306,0.2281,0.3699,0.7822,0.0263,0.0263,-,-
06:52:03,1.1074,1.0119,0.7374,0.2281,0.37,0.7838,0.0263,0.0263,-,-
06:52:54,1.1036,1.0272,0.7335,0.2281,0.3701,0.7991,0.0263,0.0263,-,-
06:53:45,1.1017,1.0328,0.7315,0.228,0.3702,0.8048,0.0263,0.0263,-,-
06:54:36,1.1222,1.0517,0.7519,0.228,0.3703,0.8236,0.0263,0.0263,-,-
06:55:27,1.1618,1.0862,0.7915,0.228,0.3703,0.8582,0.0263,0.0263,-,-
06:56:18,1.1874,1.1144,0.817,0.228,0.3704,0.8864,0.0263,0.0263,-,-
06:57:09,1.1646,1.1169,0.7941,0.2279,0.3705,0.889,0.0263,0.0263,-,-
06:58:00,1.1117,1.1282,0.7413,0.2278,0.3705,0.9004,0.0263,0.0263,-,-
06:58:51,1.1162,1.1327,0.7456,0.2276,0.3705,0.9051,0.0263,0.0263,-,-
06:59:42,1.1266,1.1363,0.756,0.2276,0.3706,0.9087,0.0263,0.0263,-,-
07:00:33,1.1399,1.141,0.7693,0.2275,0.3706,0.9135,0.0263,0.0263,-,-
07:01:24,1.1563,1.1489,0.7856,0.2275,0.3706,0.9214,0.0263,0.0263,-,-
07:02:15,1.1676,1.1596,0.7969,0.2274,0.3707,0.9322,0.0263,0.0263,-,-
07:03:06,1.1724,1.2281,0.7983,0.2226,0.3741,1.0056,0.0263,0.0263,-,-
07:03:57,1.2621,1.7277,0.8587,0.1844,0.4033,1.5433,0.0263,0.0263,-,-
07:04:48,1.2719,1.7638,0.8634,0.1789,0.4085,1.5849,0.0263,0.0263,-,-
07:05:39,1.2242,1.7687,0.8148,0.1774,0.4094,1.5913,0.0263,0.0263,-,-
07:06:30,1.1994,1.7707,0.7899,0.1769,0.4095,1.5938,0.0263,0.0263,-,-
07:07:21,1.2077,1.7782,0.7978,0.1765,0.4099,1.6016,0.0263,0.0263,-,-
07:08:12,1.2197,1.7925,0.809,0.176,0.4107,1.6165,0.0263,0.0263,-,-
07:09:03,1.2157,1.7945,0.8048,0.1759,0.4109,1.6186,0.0263,0.0263,-,-
07:09:54,1.207,1.7539,0.7938,0.1759,0.4132,1.578,0.0263,0.0263,-,-
07:10:45,1.2189,1.7523,0.8051,0.1759,0.4137,1.5764,0.0263,0.0263,-,-
07:11:36,1.2087,1.7662,0.7948,0.1759,0.4138,1.5903,0.0263,0.0263,-,-
07:12:27,1.2211,1.7523,0.7909,0.1758,0.4302,1.5765,0.0263,0.0263,-,-
07:13:18,1.2516,1.7214,0.798,0.1757,0.4536,1.5457,0.0263,0.0263,-,-
07:14:09,1.2599,1.7132,0.7983,0.1757,0.4616,1.5375,0.0263,0.0263,-,-
07:15:00,1.2588,1.7138,0.7971,0.1756,0.4616,1.5382,0.0263,0.0263,-,-
07:15:51,1.2479,1.7146,0.7862,0.1756,0.4617,1.539,0.0263,0.0263,-,-
07:16:42,1.2748,1.717,0.8131,0.1754,0.4617,1.5416,0.0263,0.0263,-,-
07:17:33,1.335,1.677,0.8703,0.1751,0.4647,1.5019,0.0263,0.0263,-,-
07:18:24,1.373,1.6267,0.9049,0.1749,0.4681,1.4518,0.0263,0.0263,-,-
07:19:15,1.3614,1.6018,0.8917,0.1747,0.4697,1.4271,0.0263,0.0263,-,-
07:20:06,1.329,1.6028,0.8593,0.1747,0.4697,1.4281,0.0263,0.0263,-,-
07:20:57,1.3069,1.6035,0.8371,0.1747,0.4698,1.4288,0.0263,0.0263,-,-
07:21:48,1.2617,1.6043,0.7919,0.1747,0.4698,1.4296,0.0263,0.0263,-,-
07:22:39,1.2692,1.6188,0.7994,0.1747,0.4698,1.4441,0.0263,0.0263,-,-
07:23:30,1.277,1.7069,0.8442,0.1747,0.4329,1.5322,0.0263,0.0263,-,-
07:24:21,1.2478,1.7923,0.8802,0.1747,0.3676,1.6176,0.0263,0.0263,-,-
07:25:12,1.1985,1.8016,0.8835,0.1747,0.315,1.6269,0.0263,0.0263,-,-
07:26:03,1.2004,1.8024,0.8853,0.1746,0.3151,1.6277,0.0263,0.0263,-,-
07:26:54,1.1647,1.8028,0.8495,0.1745,0.3151,1.6282,0.0263,0.0263,-,-
07:27:45,1.1314,1.8131,0.8162,0.1744,0.3151,1.6387,0.0263,0.0263,-,-
07:28:36,1.1281,1.8188,0.8129,0.1742,0.3152,1.6445,0.0263,0.0263,-,-
07:29:27,1.1465,1.8208,0.8312,0.1742,0.3153,1.6466,0.0263,0.0263,-,-
07:30:18,1.1657,1.8216,0.8503,0.1742,0.3154,1.6475,0.0263,0.0263,-,-
